"Time [ns]","Distance [mm]","Bx [T]"
16000000,0,-1.58818919130748e-05
16000000,0.525004,-1.61140553166977e-05
16000000,1.050008,-1.63174838799863e-05
16000000,1.575012,-1.6520912443275e-05
16000000,2.100016,-1.67362796124918e-05
16000000,2.62502,-1.69572588753582e-05
16000000,3.150024,-1.71782381382247e-05
16000000,3.675028,-1.74687557535624e-05
16000000,4.200032,-1.77165458567631e-05
16000000,4.725036,-1.79643359599639e-05
16000000,5.25004,-1.82121260631647e-05
16000000,5.775044,-1.84689326289678e-05
16000000,6.300048,-1.8726362538934e-05
16000000,6.825052,-1.89837924489e-05
16000000,7.350056,-1.92848719403886e-05
16000000,7.87506,-1.95501255098756e-05
16000000,8.400064,-1.98153790793626e-05
16000000,8.925068,-2.00806326488496e-05
16000000,9.450072,-2.04508771066125e-05
16000000,9.975076,-2.07427859827378e-05
16000000,10.50008,-2.10346948588632e-05
16000000,11.025084,-2.13341164205627e-05
16000000,11.550088,-2.16348795386945e-05
16000000,12.075092,-2.19450144533234e-05
16000000,12.600096,-2.22564608875208e-05
16000000,13.1251,-2.25679073217182e-05
16000000,13.650104,-2.31023138128362e-05
16000000,14.175108,-2.34507097528311e-05
16000000,14.700112,-2.3799105692826e-05
16000000,15.225116,-2.41727722910307e-05
16000000,15.75012,-2.45310450520195e-05
16000000,16.275124,-2.49007168003439e-05
16000000,16.800128,-2.5272229865693e-05
16000000,17.325132,-2.56437429310422e-05
16000000,17.850136,-2.60251826792477e-05
16000000,18.37514,-2.64100870792861e-05
16000000,18.900144,-2.67951749072851e-05
16000000,19.425148,-2.71893400402851e-05
16000000,19.950152,-2.75835051732851e-05
16000000,20.475156,-2.79852746395849e-05
16000000,21.00016,-2.83875702320625e-05
16000000,21.525164,-2.88077166830366e-05
16000000,22.050168,-2.92221727030383e-05
16000000,22.575172,-2.963662872304e-05
16000000,23.100176,-3.06588328777232e-05
16000000,23.62518,-3.11145744478113e-05
16000000,24.150184,-3.12661647468418e-05
16000000,24.675188,-3.17716331891744e-05
16000000,25.200192,-3.22771016315069e-05
16000000,25.725196,-3.27825700738395e-05
16000000,26.2502,-3.32880385161721e-05
16000000,26.775204,-3.38195044326515e-05
16000000,27.300208,-3.43442895053983e-05
16000000,27.825212,-3.4869074578145e-05
16000000,28.350216,-3.53938596508918e-05
16000000,28.87522,-3.59186447236385e-05
16000000,29.400224,-3.64434297963853e-05
16000000,29.925228,-3.69933887640247e-05
16000000,30.450232,-3.75474510604122e-05
16000000,30.975236,-3.81015133567997e-05
16000000,31.50024,-3.86555756531872e-05
16000000,32.025244,-3.92096379495747e-05
16000000,32.550248,-3.97779093915632e-05
16000000,33.075252,-4.03508445807755e-05
16000000,33.600256,-4.09237797699878e-05
16000000,34.12526,-4.14967149592001e-05
16000000,34.650264,-4.20696501484125e-05
16000000,35.175268,-4.28158010245894e-05
16000000,35.700272,-4.34825254062309e-05
16000000,36.225276,-4.41492497878724e-05
16000000,36.75028,-4.48159741695139e-05
16000000,37.275284,-4.54826985511553e-05
16000000,37.800288,-4.61826162277559e-05
16000000,38.325292,-4.68582636258184e-05
16000000,38.850296,-4.7533911023881e-05
16000000,39.3753,-4.82095584219435e-05
16000000,39.900304,-4.88852058200061e-05
16000000,40.425308,-4.95806155652227e-05
16000000,40.950312,-5.02764427086472e-05
16000000,41.475316,-5.09722698520718e-05
16000000,42.00032,-5.16680969954964e-05
16000000,42.525324,-5.2363924138921e-05
16000000,43.050328,-5.30638860512187e-05
16000000,43.575332,-5.37765339304252e-05
16000000,44.100336,-5.44891818096318e-05
16000000,44.62534,-5.52018296888383e-05
16000000,45.150344,-5.59144775680449e-05
16000000,45.675348,-5.66579063915843e-05
16000000,46.200352,-5.73891451552597e-05
16000000,46.725356,-5.81203839189352e-05
16000000,47.25036,-5.88516226826108e-05
16000000,47.775364,-5.95828614462863e-05
16000000,48.300368,-6.0594313245305e-05
16000000,48.825372,-6.13550499876679e-05
16000000,49.350376,-6.21157867300309e-05
16000000,49.87538,-6.28765234723938e-05
16000000,50.400384,-6.36372602147568e-05
16000000,50.925388,-6.44095537592804e-05
16000000,51.450392,-6.51694701174134e-05
16000000,51.975396,-6.59293864755464e-05
16000000,52.5004,-6.66893028336794e-05
16000000,53.025404,-6.74492191918125e-05
16000000,53.550408,-6.82091355499454e-05
16000000,54.075412,-6.89666864156187e-05
16000000,54.600416,-6.9723417619113e-05
16000000,55.12542,-7.04801488226073e-05
16000000,55.650424,-7.12368800261016e-05
16000000,56.175428,-7.19936112295959e-05
16000000,56.700432,-7.27688487449954e-05
16000000,57.225436,-7.35225062383051e-05
16000000,57.75044,-7.42761637316148e-05
16000000,58.275444,-7.50298212249245e-05
16000000,58.800448,-7.57834787182342e-05
16000000,59.325452,-7.64937311134425e-05
16000000,59.850456,-7.7176953176633e-05
16000000,60.37546,-7.78601752398235e-05
16000000,60.900464,-7.8543397303014e-05
16000000,61.425468,-7.92266193662045e-05
16000000,61.950472,-7.98625723115736e-05
16000000,62.475476,-8.0490097237323e-05
16000000,63.00048,-8.11176221630724e-05
16000000,63.525484,-8.17451470888217e-05
16000000,64.050488,-8.23726720145711e-05
16000000,64.575492,-8.30052254844165e-05
16000000,65.100496,-8.35860925885188e-05
16000000,65.6255,-8.41669596926211e-05
16000000,66.150504,-8.47478267967234e-05
16000000,66.675508,-8.53286939008257e-05
16000000,67.200512,-8.51709642145204e-05
16000000,67.725516,-8.5532963302761e-05
16000000,68.25052,-8.58949623910016e-05
16000000,68.775524,-8.62569614792422e-05
16000000,69.300528,-8.66189605674829e-05
16000000,69.825532,-8.68253496956329e-05
16000000,70.350536,-8.70786824475909e-05
16000000,70.87554,-8.73320151995487e-05
16000000,71.400544,-8.75853479515067e-05
16000000,71.925548,-8.78386807034646e-05
16000000,72.450552,-8.80568818702267e-05
16000000,72.975556,-8.81808582739906e-05
16000000,73.50056,-8.83048346777544e-05
16000000,74.025564,-8.84288110815183e-05
16000000,74.550568,-8.85527874852822e-05
16000000,75.075572,-8.87333154660411e-05
16000000,75.600576,-8.87473359678962e-05
16000000,76.12558,-8.87613564697512e-05
16000000,76.650584,-8.87753769716063e-05
16000000,77.175588,-8.87893974734613e-05
16000000,77.700592,-8.75675062544071e-05
16000000,78.225596,-8.68773831846461e-05
16000000,78.7506,-8.61872601148851e-05
16000000,79.275604,-8.54971370451241e-05
16000000,79.800608,-8.48070139753631e-05
16000000,80.325612,-8.4116890905602e-05
16000000,80.850616,-8.30120808625718e-05
16000000,81.37562,-8.20832842992077e-05
16000000,81.900624,-8.11544877358436e-05
16000000,82.425628,-8.02256911724795e-05
16000000,82.950632,-7.92968946091155e-05
16000000,83.475636,-7.81739505588371e-05
16000000,84.00064,-7.69633485210901e-05
16000000,84.525644,-7.57527464833432e-05
16000000,85.050648,-7.45421444455963e-05
16000000,85.575652,-7.33315424078495e-05
16000000,86.100656,-6.97577060926575e-05
16000000,86.62566,-6.7328767499246e-05
16000000,87.150664,-6.48998289058345e-05
16000000,87.675668,-6.24708903124228e-05
16000000,88.200672,-6.00419517190113e-05
16000000,88.725676,-5.67217451188294e-05
16000000,89.25068,-5.39922826850624e-05
16000000,89.775684,-5.1262820251295e-05
16000000,90.300688,-4.85333578175278e-05
16000000,90.825692,-4.58038953837607e-05
16000000,91.350696,-4.27288615341494e-05
16000000,91.8757,-3.949390286595e-05
16000000,92.400704,-3.62589441977508e-05
16000000,92.925708,-3.30239855295512e-05
16000000,93.450712,-2.97890268613519e-05
16000000,93.975716,-2.61109815677505e-05
16000000,94.50072,-2.24481695032543e-05
16000000,95.025724,-1.87853574387582e-05
16000000,95.550728,-1.51225453742619e-05
16000000,96.075732,-1.1459733309766e-05
16000000,96.600736,6.83864777075196e-06
16000000,97.12574,1.33483172020317e-05
16000000,97.650744,1.98579866333111e-05
16000000,98.175748,2.63676560645905e-05
16000000,98.700752,3.28773254958699e-05
16000000,99.225756,4.29067542136925e-05
16000000,99.75076,4.93525533457097e-05
16000000,100.275764,5.57983524777268e-05
16000000,100.800768,6.22441516097443e-05
16000000,101.325772,6.86899507417611e-05
16000000,101.850776,7.61440586021722e-05
16000000,102.37578,8.33323970679018e-05
16000000,102.900784,9.05207355336314e-05
16000000,103.425788,9.77090739993609e-05
16000000,103.950792,0.00010489741246509
16000000,104.475796,0.000112598309168719
16000000,105.0008,0.000120066084315507
16000000,105.525804,0.000127533859462295
16000000,106.050808,0.000135001634609084
16000000,106.575812,0.000142469409755873
16000000,107.100816,0.000149937184902661
16000000,107.62582,0.000167103642491285
16000000,108.150824,0.0001774838817947
16000000,108.675828,0.000187864121098116
16000000,109.200832,0.00019824436040153
16000000,109.725836,0.000208624599704945
16000000,110.25084,0.000310676733892518
16000000,110.775844,0.000315668189176576
16000000,111.300848,0.000320659644460635
16000000,111.825852,0.000325651099744694
16000000,112.350856,0.000330642555028752
16000000,112.87586,0.000341318555724359
16000000,113.400864,0.00034322974344049
16000000,113.925868,0.00034514093115662
16000000,114.450872,0.000347052118872751
16000000,114.975876,0.000348963306588881
16000000,115.50088,0.000345584608668487
16000000,116.025884,0.000339065026469985
16000000,116.550888,0.000332545444271482
16000000,117.075892,0.00032602586207298
16000000,117.600896,0.000319506279874477
16000000,118.1259,0.000520420238528237
16000000,118.650904,0.000464154852151232
16000000,119.175908,0.000407889465774225
16000000,119.700912,0.000351624079397224
16000000,120.225916,0.000295358693020217
16000000,120.75092,0.000207960497255043
16000000,121.275924,0.000101284659636776
16000000,121.800928,-5.39117798148596e-06
16000000,122.325932,-0.000112067015599742
16000000,122.850936,-0.000218742853218015
16000000,123.37594,-2.18673046323472e-05
16000000,123.900944,-0.000245431236953268
16000000,124.425948,-0.000468995169274213
16000000,124.950952,-0.000785818355127439
16000000,125.475956,-0.00110879133426894
16000000,126.00096,-0.000111056486301169
16000000,126.525964,-0.000370304279990166
16000000,127.050968,-0.000629552073679177
16000000,127.575972,-0.00088879986736816
16000000,128.100976,-0.00114804766105716
16000000,128.62598,-0.00221692796636452
16000000,129.150984,-0.0011363349624541
16000000,129.675988,-5.57419585436915e-05
16000000,130.200992,0.000851410303597964
16000000,130.725996,0.00114246789249656
16000000,131.251,0.00164623358564678
16000000,131.776004,0.00182593692163335
16000000,132.301008,0.00200564025761994
16000000,132.826012,0.00218534359360651
16000000,133.351016,0.00272310585628762
16000000,133.87602,0.00303492305673157
16000000,134.401024,0.00356905895376371
16000000,134.926028,0.00417357673262134
16000000,135.451032,0.00511248305446154
16000000,135.976036,0.00680126341428562
16000000,136.50104,0.00203812954992866
16000000,137.026044,0.0068909593128898
16000000,137.551048,0.0112708614364831
16000000,138.076052,0.0111579509860811
16000000,138.601056,0.0110450405356792
16000000,139.12606,0.0109321300852772
16000000,139.651064,0.0125092407882079
16000000,140.176068,0.0113029791309305
16000000,140.701072,0.0100967174736531
16000000,141.226076,0.00977607902110127
16000000,141.75108,0.00855670437389433
16000000,142.276084,0.00731031552353092
16000000,142.801088,0.00596195971457246
16000000,143.326092,0.00490697062006824
16000000,143.851096,0.00316314267607968
16000000,144.3761,0.00206710678350303
16000000,144.901104,-0.000128103772126291
16000000,145.426108,0.00216102702867547
16000000,145.951112,0.000320642253680319
16000000,146.476116,-0.00151974252131488
16000000,147.00112,-0.00336012729630993
16000000,147.526124,-0.00859050541529775
16000000,148.051128,-0.00467403852208363
16000000,148.576132,-0.000757571628869203
16000000,149.101136,0.00315889526434512
16000000,149.62614,0.00779170443786789
16000000,150.151144,0.00952023590259521
16000000,150.676148,0.0112487673673226
16000000,151.201152,0.01297729883205
16000000,151.726156,0.0210474094341472
16000000,152.25116,0.0281290892787553
16000000,152.776164,0.0178834285449087
16000000,153.301168,0.0364001133237716
16000000,153.826172,0.0444120054069399
16000000,154.351176,0.0459594096773716
16000000,154.87618,0.0475068139478033
16000000,155.401184,0.0538490976219299
16000000,155.926188,0.0502689616076628
16000000,156.451192,0.0466888255933957
16000000,156.976196,0.0431086895791284
16000000,157.5012,0.0421373109608367
16000000,158.026204,0.0391717527150664
16000000,158.551208,0.0361771299081774
16000000,159.076212,0.0331553473402204
16000000,159.601216,0.0304032945944311
16000000,160.12622,0.0270041999604277
16000000,160.651224,0.024035270912524
16000000,161.176228,0.0200128578152782
16000000,161.701232,0.0233563018704872
16000000,162.226236,0.0182342754669622
16000000,162.75124,0.0131122490634373
16000000,163.276244,0.00799022265991225
16000000,163.801248,0.00216381669334339
16000000,164.326252,0.00421908163028486
16000000,164.851256,0.00627434656722639
16000000,165.37626,0.00832961150416797
16000000,165.901264,0.0103848764411095
16000000,166.426268,0.0116457972018629
16000000,166.951272,0.0178719570546447
16000000,167.476276,0.0240981169074266
16000000,168.00128,0.0303242767602087
16000000,168.526284,0.0365504366129906
16000000,169.051288,0.0275121494564859
16000000,169.576292,0.033928274921819
16000000,170.101296,0.0403444003871515
16000000,170.6263,0.0467605258524846
16000000,171.151304,0.0531766513178174
16000000,171.676308,0.0571251884043346
16000000,172.201312,0.0534545145100091
16000000,172.726316,0.0497838406156836
16000000,173.25132,0.046113166721358
16000000,173.776324,0.0424424928270325
16000000,174.301328,0.0431298141749231
16000000,174.826332,0.041132768841871
16000000,175.351336,0.0391357235088189
16000000,175.87634,0.037138678175767
16000000,176.401344,0.0356495131952409
16000000,176.926348,0.0344820232596034
16000000,177.451352,0.0333145333239659
16000000,177.976356,0.0312209798842048
16000000,178.50136,0.0276961472076391
16000000,179.026364,0.0241713145310731
16000000,179.551368,0.0176543011481649
16000000,180.076372,0.0135242174596628
16000000,180.601376,0.00939413377116105
16000000,181.12638,0.00526405008265914
16000000,181.651384,0.00113396639415734
16000000,182.176388,-0.00317472558792919
16000000,182.701392,-0.00484039154554255
16000000,183.226396,-0.00650605750315587
16000000,183.7514,-0.0121257693667465
16000000,184.276404,-0.017213161698302
16000000,184.801408,-0.0223005540298579
16000000,185.326412,-0.017955802969889
16000000,185.851416,-0.0220429996880716
16000000,186.37642,-0.0261301964062543
16000000,186.901424,-0.0302173931244367
16000000,187.426428,-0.0343045898426194
16000000,187.951432,-0.0310326429629598
16000000,188.476436,-0.0297020605885401
16000000,189.00144,-0.0283714782141204
16000000,189.526444,-0.0270408958397008
16000000,190.051448,-0.0257103134652811
16000000,190.576452,-0.0253320548395423
16000000,191.101456,-0.0225861648158051
16000000,191.62646,-0.019840274792068
16000000,192.151464,-0.0170943847683308
16000000,192.676468,-0.0143484947445938
16000000,193.201472,-0.0133713136916618
16000000,193.726476,-0.00739806775704763
16000000,194.25148,-0.00142482182243361
16000000,194.776484,0.00454842411218058
16000000,195.301488,0.0105216700467946
16000000,195.826492,-0.00813462797837191
16000000,196.351496,-0.0165743500711949
16000000,196.8765,-0.0133744335131751
16000000,197.401504,-0.0159283507777433
16000000,197.926508,-0.0184822680423114
16000000,198.451512,-0.0209090585594882
16000000,198.976516,-0.031400459061972
16000000,199.50152,-0.0418918595644561
16000000,200.026524,-0.05238326006694
16000000,200.551528,-0.062874660569424
16000000,201.076532,-0.0599391886834415
16000000,201.601536,-0.0717963301836466
16000000,202.12654,-0.0836534716838525
16000000,202.651544,-0.0955106131840582
16000000,203.176548,-0.107367754684264
16000000,203.701552,-0.107879165482869
16000000,204.226556,-0.103008960315738
16000000,204.75156,-0.0981387551486066
16000000,205.276564,-0.0932685499814752
16000000,205.801568,-0.0883983448143437
16000000,206.326572,-0.0847692567953896
16000000,206.851576,-0.08089450012505
16000000,207.37658,-0.0770197434547104
16000000,207.901584,-0.0746789523647499
16000000,208.426588,-0.0706705777660008
16000000,208.951592,-0.0667844071957712
16000000,209.476596,-0.0618896060172306
16000000,210.0016,-0.0569948048386904
16000000,210.526604,-0.0500243723190742
16000000,211.051608,-0.0418717182356106
16000000,211.576612,-0.0338216675289375
16000000,212.101616,-0.0298635459084372
16000000,212.62662,-0.0259054242879371
16000000,213.151624,-0.0219473026674368
16000000,213.676628,-0.0205346668641733
16000000,214.201632,-0.0198267190724994
16000000,214.726636,-0.0191187712808256
16000000,215.25164,-0.0217019483241147
16000000,215.776644,-0.0304893453494341
16000000,216.301648,-0.0392767423747539
16000000,216.826652,-0.0480641394000738
16000000,217.351656,-0.0410453694334767
16000000,217.87666,-0.053316958334341
16000000,218.401664,-0.0655885472352046
16000000,218.926668,-0.071018434313267
16000000,219.451672,-0.0680934667964876
16000000,219.976676,-0.0677359268057777
16000000,220.50168,-0.0655130443953687
16000000,221.026684,-0.0632901619849597
16000000,221.551688,-0.0623742212625355
16000000,222.076692,-0.0613812421319176
16000000,222.601696,-0.0605372810738842
16000000,223.1267,-0.0601935815243382
16000000,223.651704,-0.0598498819747923
16000000,224.176708,-0.0587483897513537
16000000,224.701712,-0.0600733964058797
16000000,225.226716,-0.0613984030604057
16000000,225.75172,-0.0579729783689872
16000000,226.276724,-0.0585747028906283
16000000,226.801728,-0.0591764274122695
16000000,227.326732,-0.043172935891177
16000000,227.851736,-0.0281506112891223
16000000,228.37674,-0.0280881163344058
16000000,228.901744,-0.017042782391933
16000000,229.426748,-0.0109473579526002
16000000,229.951752,-0.00606253002597899
16000000,230.476756,-0.00117770209935754
16000000,231.00176,0.00701828791600748
16000000,231.526764,0.0136213621712735
16000000,232.051768,0.0202244364265396
16000000,232.576772,0.0268275106818053
16000000,233.101776,0.0266512050670592
16000000,233.62678,0.0292450948912472
16000000,234.151784,0.0318389847154352
16000000,234.676788,0.0344328745396232
16000000,235.201792,0.0370267643638112
16000000,235.726796,0.0389393361081025
16000000,236.2518,0.0351749751151329
16000000,236.776804,0.0314106141221633
16000000,237.301808,0.0276462531291938
16000000,237.826812,0.0238818921362242
16000000,238.351816,0.0201175311432548
16000000,238.87682,0.0198721250299032
16000000,239.401824,0.0148508507590589
16000000,239.926828,0.00982957648821466
16000000,240.451832,0.00480830221737042
16000000,240.976836,-0.000212972053473824
16000000,241.50184,-0.00489723877495519
16000000,242.026844,-0.0126091217647171
16000000,242.551848,-0.0135165455039278
16000000,243.076852,-0.0196672943014048
16000000,243.601856,-0.0222189158812957
16000000,244.12686,-0.0117968878588497
16000000,244.651864,-0.0013748598364033
16000000,245.176868,0.00883120144068885
16000000,245.701872,0.0122922687607234
16000000,246.226876,0.0157533360807577
16000000,246.75188,0.0234226763950177
16000000,247.276884,0.0349429194479754
16000000,247.801888,0.0464631625009338
16000000,248.326892,0.0579834055538922
16000000,248.851896,0.0695036486068507
16000000,249.3769,0.0694387568302204
16000000,249.901904,0.0788306185789463
16000000,250.426908,0.0882224803276726
16000000,250.951912,0.097614342076399
16000000,251.476916,0.107006203825125
16000000,252.00192,0.104097073377198
16000000,252.526924,0.0978599262445919
16000000,253.051928,0.0916227791119852
16000000,253.576932,0.0853856319793785
16000000,254.101936,0.0791484848467718
16000000,254.62694,0.0808723609238337
16000000,255.151944,0.0758203479502761
16000000,255.676948,0.0707683349767187
16000000,256.201952,0.0657163220031611
16000000,256.726956,0.0606643090296032
16000000,257.25196,0.0561229651763807
16000000,257.776964,0.0495355735479445
16000000,258.301968,0.0429481819195076
16000000,258.826972,0.0415025225627008
16000000,259.351976,0.0323519298130786
16000000,259.87698,0.0262377714669257
16000000,260.401984,0.0213381868821599
16000000,260.926988,0.0164386022973936
16000000,261.451992,0.0177425227699945
16000000,261.976996,0.0171046784555621
16000000,262.502,0.0164668341411298
16000000,263.027004,0.0212524670985821
16000000,263.552008,0.0272230004442718
16000000,264.077012,0.0331935337899608
16000000,264.602016,0.0391640671356505
16000000,265.12702,0.0451346004813396
16000000,265.652024,0.066831560325366
16000000,266.177028,0.0672175048923518
16000000,266.702032,0.0676034494593375
16000000,267.227036,0.0728982950066958
16000000,267.75204,0.0693272927012638
16000000,268.277044,0.0657562903958318
16000000,268.802048,0.0642775233727813
16000000,269.327052,0.0622756242996489
16000000,269.852056,0.0602737252265164
16000000,270.37706,0.0588302389815634
16000000,270.902064,0.0578519547823487
16000000,271.427068,0.056873670583134
16000000,271.952072,0.0564028374750771
16000000,272.477076,0.0567022383500679
16000000,273.00208,0.0542376627905142
16000000,273.527084,0.0554427669404043
16000000,274.052088,0.0566478710902942
16000000,274.577092,0.049967173283546
16000000,275.102096,0.0464832899777374
16000000,275.6271,0.0478636671024653
16000000,276.152104,0.0342434436049969
16000000,276.677108,0.0206232201075298
16000000,277.202112,0.00848421248797178
16000000,277.727116,0.00491400696300003
16000000,278.25212,0.00134380143802868
16000000,278.777124,-0.00521018056622023
16000000,279.302128,-0.0106589933309661
16000000,279.827132,-0.0161078060957119
16000000,280.352136,-0.0215566188604583
16000000,280.87714,-0.0270054316252042
16000000,281.402144,-0.0342310617872023
16000000,281.927148,-0.0350738000044741
16000000,282.452152,-0.035916538221746
16000000,282.977156,-0.0367592764390179
16000000,283.50216,-0.0376020146562897
16000000,284.027164,-0.0391782932194701
16000000,284.552168,-0.0354337114321993
16000000,285.077172,-0.0316891296449282
16000000,285.602176,-0.0279445478576574
16000000,286.12718,-0.0241999660703866
16000000,286.652184,-0.0255158081247281
16000000,287.177188,-0.0201598960423651
16000000,287.702192,-0.0148039839600015
16000000,288.227196,-0.00944807187763855
16000000,288.7522,-0.00409215979527556
16000000,289.277204,0.00126375228708803
16000000,289.802208,0.000107590232678657
16000000,290.327212,0.0078240339814615
16000000,290.852216,0.0155404777302435
16000000,291.37722,0.0232569214790255
16000000,291.902224,0.0102867537967594
16000000,292.427228,0.00240789456247073
16000000,292.952232,-0.00547096467181878
16000000,293.477236,-0.00994903651101585
16000000,294.00224,-0.0134102748004092
16000000,294.527244,-0.0168715130898029
16000000,295.052248,-0.0270698070720472
16000000,295.577252,-0.042919968918501
16000000,296.102256,-0.0587701307649549
16000000,296.62726,-0.0746202926114106
16000000,297.152264,-0.0904704544578645
16000000,297.677268,-0.117739405545457
16000000,298.202272,-0.113089926960508
16000000,298.727276,-0.10844044837556
16000000,299.25228,-0.103790969790611
16000000,299.777284,-0.0991414912056626
16000000,300.302288,-0.105585539536493
16000000,300.827292,-0.0993892162567443
16000000,301.352296,-0.093192892976996
16000000,301.8773,-0.0869965696972472
16000000,302.402304,-0.080800246417499
16000000,302.927308,-0.0800362599728357
16000000,303.452312,-0.0749078546777039
16000000,303.977316,-0.0697794493825726
16000000,304.50232,-0.0646510440874408
16000000,305.027324,-0.0595226387923095
16000000,305.552328,-0.0564840385537441
16000000,306.077332,-0.0482183430745929
16000000,306.602336,-0.0399526475954426
16000000,307.12734,-0.0316869521162914
16000000,307.652344,-0.0290900870610094
16000000,308.177348,-0.0252481762860714
16000000,308.702352,-0.0214062655111329
16000000,309.227356,-0.018886332308002
16000000,309.75236,-0.0181533471934312
16000000,310.277364,-0.0187905080060467
16000000,310.802368,-0.0201055873399024
16000000,311.327372,-0.021420666673758
16000000,311.852376,-0.0268265209776973
16000000,312.37738,-0.0436832288204871
16000000,312.902384,-0.0605399366632752
16000000,313.427388,-0.077396644506065
16000000,313.952392,-0.0611459528133516
16000000,314.477396,-0.0636761464962966
16000000,315.0024,-0.066206340179242
16000000,315.527404,-0.068736533862187
16000000,316.052408,-0.0712667275451324
16000000,316.577412,-0.0674303221676406
16000000,317.102416,-0.0651616627939066
16000000,317.62742,-0.0628930034201723
16000000,318.152424,-0.0606243440464383
16000000,318.677428,-0.0583556846727041
16000000,319.202432,-0.0593631961327042
16000000,319.727436,-0.0591720853398817
16000000,320.25244,-0.0589809745470593
16000000,320.777444,-0.0587898637542368
16000000,321.302448,-0.0585987529614144
16000000,321.827452,-0.0529643635035509
16000000,322.352456,-0.0511517983312268
16000000,322.87746,-0.0493392331589029
16000000,323.402464,-0.047526667986579
16000000,323.927468,-0.0246331740218808
16000000,324.452472,-0.006716797852172
16000000,324.977476,-0.0171655003699377
16000000,325.50248,-0.0111576636137746
16000000,326.027484,-0.0034818736967979
16000000,326.552488,-0.00133046039678172
16000000,327.077492,0.000820952903234288
16000000,327.602496,0.00297236620325046
16000000,328.1275,0.0111905407000322
16000000,328.652504,0.0174235904274341
16000000,329.177508,0.0236566401548369
16000000,329.702512,0.0330288154528886
16000000,330.227516,0.0308858887442169
16000000,330.75252,0.0287429620355453
16000000,331.277524,0.0266000353268738
16000000,331.802528,0.0267694246711582
16000000,332.327532,0.0242997327834557
16000000,332.852536,0.0226908190161307
16000000,333.37754,0.020348079803272
16000000,333.902544,0.0180053405904135
16000000,334.427548,0.0162607189053467
16000000,334.952552,0.0138368494462222
16000000,335.477556,0.0112938504010105
16000000,336.00256,0.00860606644970125
16000000,336.527564,0.00553973752719374
16000000,337.052568,0.00122463886068014
16000000,337.577572,-0.00309045980583334
16000000,338.102576,0.00103795835737169
16000000,338.62758,-0.0018175346195462
16000000,339.152584,-0.00467302759646446
16000000,339.677588,-0.00843787435304635
16000000,340.202592,-0.00442298538432594
16000000,340.727596,-0.000408096415605112
16000000,341.2526,0.00360679255311519
16000000,341.777604,0.0053724543739726
16000000,342.302608,0.00706614194196431
16000000,342.827612,0.00875982950995607
16000000,343.352616,0.0140400104365728
16000000,343.87762,0.017394464723934
16000000,344.402624,0.00203786865078331
16000000,344.927628,0.0225999556586444
16000000,345.452632,0.043162042666506
16000000,345.977636,0.0625705900954611
16000000,346.50264,0.0594204086572257
16000000,347.027644,0.05627022721899
16000000,347.552648,0.0531200457807546
16000000,348.077652,0.0499698643425189
16000000,348.602656,0.0532367757513526
16000000,349.12766,0.0507653029270246
16000000,349.652664,0.0482938301026965
16000000,350.177668,0.0458223572783685
16000000,350.702672,0.0433508844540403
16000000,351.227676,0.0426681389723987
16000000,351.75268,0.0414178542692528
16000000,352.277684,0.0401675695661067
16000000,352.802688,0.0389172848629608
16000000,353.327692,0.0376670001598148
16000000,353.852696,0.0370909253279452
16000000,354.3777,0.0315283337788425
16000000,354.902704,0.0259657422297391
16000000,355.427708,0.0204031506806365
16000000,355.952712,0.0148405591315331
16000000,356.477716,0.0157515804575599
16000000,357.00272,0.0120524223392711
16000000,357.527724,0.00668228233365593
16000000,358.052728,0.00602086671288897
16000000,358.577732,0.00535945109212193
16000000,359.102736,0.00496703767981347
16000000,359.62774,0.00468723750402112
16000000,360.152744,0.00203227726029505
16000000,360.677748,0.00424714407240821
16000000,361.202752,0.00646201088452142
16000000,361.727756,0.0083335239076239
16000000,362.25276,0.00947378522277622
16000000,362.777764,0.0106140465379284
16000000,363.302768,0.0114629693877154
16000000,363.827772,0.012225393401967
16000000,364.352776,0.0126614202214017
16000000,364.87778,0.0135679034567064
16000000,365.402784,0.014474386692011
16000000,365.927788,0.0153808699273157
16000000,366.452792,0.0162873531626204
16000000,366.977796,0.015815561834319
16000000,367.5028,0.0180742880221739
16000000,368.027804,0.0203330142100286
16000000,368.552808,0.0225917403978832
16000000,369.077812,0.024850466585738
16000000,369.602816,0.0271091927735927
16000000,370.12782,0.0206052085932709
16000000,370.652824,0.0172514743690236
16000000,371.177828,0.0138977401447765
16000000,371.702832,0.0105440059205289
16000000,372.227836,0.00719027169628176
16000000,372.75284,0.00834575592072248
16000000,373.277844,0.00652059190580721
16000000,373.802848,0.00469542789089198
16000000,374.327852,0.00287026387597651
16000000,374.852856,0.00104509986106129
16000000,375.37786,-0.00208671081578778
16000000,375.902864,-0.00421596434082167
16000000,376.427868,0.00355875859038038
16000000,376.952872,-0.00359152948565126
16000000,377.477876,-0.0107418175616827
16000000,378.00288,-0.00992539414503981
16000000,378.527884,-0.00871063515376283
16000000,379.052888,-0.013292361312794
16000000,379.577892,-0.0104749200860722
16000000,380.102896,-0.00765747885935042
16000000,380.6279,-0.00515240648797455
16000000,381.152904,-0.00295980522034189
16000000,381.677908,-0.000767203952708947
16000000,382.202912,0.00142539731492371
16000000,382.727916,0.00361799858255642
16000000,383.25292,0.00383947230633162
16000000,383.777924,0.00620322244672256
16000000,384.302928,0.00856697258711374
16000000,384.827932,0.0109307227275046
16000000,385.352936,0.00737888826840099
16000000,385.87794,0.00876026921727136
16000000,386.402944,0.0101416501661416
16000000,386.927948,0.011523031115012
16000000,387.452952,0.0129044120638823
16000000,387.977956,0.0152388564261434
16000000,388.50296,0.0108352490501656
16000000,389.027964,0.00643164167418779
16000000,389.552968,0.00397509106709937
16000000,390.077972,0.00325040536021865
16000000,390.602976,0.00252571965333786
16000000,391.12798,0.00148642233611514
16000000,391.652984,0.00121176273917942
16000000,392.177988,0.000937103142243696
16000000,392.702992,0.000662443545307997
16000000,393.227996,-0.000283961033896787
16000000,393.753,-0.00095046301052637
16000000,394.278004,-0.00161696498715595
16000000,394.803008,-0.00291014072642669
16000000,395.328012,-0.00705302046500571
16000000,395.853016,-0.011195900203585
16000000,396.37802,-0.0153387799421638
16000000,396.903024,-0.0104246653600238
16000000,397.428028,-0.0095810056148011
16000000,397.953032,-0.00873734586957851
16000000,398.478036,-0.00789368612435584
16000000,399.00304,-0.0070500263791332
16000000,399.528044,-0.00981350673522583
16000000,400.053048,-0.00871921313890974
16000000,400.578052,-0.0076249195425937
16000000,401.103056,-0.00653062594627761
16000000,401.62806,-0.00543633234996163
16000000,402.153064,-0.00543358376265956
16000000,402.678068,-0.00485934602671461
16000000,403.203072,-0.00428510829076969
16000000,403.728076,-0.0037108705548247
16000000,404.25308,-0.00313663281887975
16000000,404.778084,-0.00260164386285827
16000000,405.303088,-0.00239167532196527
16000000,405.828092,-0.00218170678107227
16000000,406.353096,-0.00197173824017924
16000000,406.8781,-0.00176176969928624
16000000,407.403104,-0.00162497509824288
16000000,407.928108,-0.00145788569372013
16000000,408.453112,-0.0012907962891974
16000000,408.978116,-0.00112370688467465
16000000,409.50312,-0.000956617480151913
16000000,410.028124,-0.000812094853556884
16000000,410.553128,-0.000702583744801336
16000000,411.078132,-0.000593072636045787
16000000,411.603136,-0.000483561527290221
16000000,412.12814,-0.000374050418534673
16000000,412.653144,-0.000717262846331149
16000000,413.178148,-0.000649315797288456
16000000,413.703152,-0.000581368748245752
16000000,414.228156,-0.000513421699203059
16000000,414.75316,-0.000445474650160366
16000000,415.278164,-0.000388418826265982
16000000,415.803168,-0.000337658361815428
16000000,416.328172,-0.000286897897364869
16000000,416.853176,-0.000236137432914315
16000000,417.37818,-0.000185376968463758
16000000,417.903184,-0.000132741139764668
16000000,418.428188,-9.25377671278299e-05
16000000,418.953192,-5.23343944909851e-05
16000000,419.478196,-1.21310218541467e-05
16000000,420.0032,2.80723507826916e-05
16000000,420.528204,6.82757234195343e-05
16000000,421.053208,-6.11278232827205e-05
16000000,421.578212,-4.77731889776499e-05
16000000,422.103216,-3.44185546725805e-05
16000000,422.62822,-2.10639203675112e-05
16000000,423.153224,-7.7092860624398e-06
16000000,423.678228,-2.79804205656384e-06
16000000,424.203232,8.49833399795093e-06
16000000,424.728236,1.97947100524651e-05
16000000,425.25324,3.10910861069787e-05
16000000,425.778244,4.23874621614934e-05
16000000,426.303248,5.13291291569185e-05
16000000,426.828252,5.96257941739665e-05
16000000,427.353256,6.79224591910142e-05
16000000,427.87826,7.62191242080627e-05
16000000,428.403264,8.45157892251107e-05
16000000,428.928268,4.0639948322273e-05
16000000,429.453272,4.34040803972831e-05
16000000,429.978276,4.61682124722929e-05
16000000,430.50328,4.89323445473031e-05
16000000,431.028284,5.16964766223129e-05
16000000,431.553288,4.99264263641246e-05
16000000,432.078292,5.29569646075897e-05
16000000,432.603296,5.59875028510543e-05
16000000,433.1283,5.90180410945191e-05
16000000,433.653304,6.20485793379838e-05
16000000,434.178308,6.46605284313629e-05
16000000,434.703312,6.67852841414903e-05
16000000,435.228316,6.89100398516176e-05
16000000,435.75332,7.10347955617452e-05
16000000,436.278324,7.31595512718724e-05
16000000,436.803328,7.20689236155565e-05
16000000,437.328332,7.35248980162041e-05
16000000,437.853336,7.49808724168516e-05
16000000,438.37834,7.64368468174991e-05
16000000,438.903344,7.78928212181466e-05
16000000,439.428348,4.73553550430859e-05
16000000,439.953352,4.81026327335308e-05
16000000,440.478356,4.88499104239755e-05
16000000,441.00336,4.95971881144203e-05
16000000,441.528364,5.03444658048651e-05
16000000,442.053368,5.0737611728027e-05
16000000,442.578372,5.1001598611543e-05
16000000,443.103376,5.12655854950589e-05
16000000,443.62838,5.15295723785749e-05
16000000,444.153384,5.17935592620908e-05
16000000,444.678388,5.11620607512113e-05
16000000,445.203392,5.13057605770635e-05
16000000,445.728396,5.14494604029158e-05
16000000,446.2534,5.1593160228768e-05
16000000,446.778404,5.17368600546203e-05
16000000,447.303408,5.18805598804726e-05
16000000,447.828412,2.2844724001591e-05
16000000,448.353416,2.37880997615537e-05
16000000,448.87842,2.47314755215165e-05
16000000,449.403424,2.56748512814792e-05
16000000,449.928428,2.6618227041442e-05
16000000,450.453432,2.62295271677266e-05
16000000,450.978436,2.6900273642032e-05
16000000,451.50344,2.75710201163375e-05
16000000,452.028444,2.82417665906429e-05
16000000,452.553448,2.89125130649484e-05
16000000,453.078452,2.94709590861913e-05
16000000,453.603456,2.99892765077299e-05
16000000,454.12846,3.05075939292686e-05
16000000,454.653464,3.10259113508072e-05
16000000,455.178468,3.15442287723459e-05
16000000,455.703472,3.1392996373196e-05
16000000,456.228476,3.19991010225749e-05
16000000,456.75348,3.26052056719537e-05
16000000,457.278484,3.32113103213325e-05
16000000,457.803488,3.38174149707113e-05
16000000,458.328492,1.56566977922123e-05
16000000,458.853496,1.54064482907593e-05
16000000,459.3785,1.51561987893064e-05
16000000,459.903504,1.49059492878535e-05
16000000,460.428508,1.46556997864005e-05
16000000,460.953512,1.40622419322779e-05
16000000,461.478516,1.38669537434872e-05
16000000,462.00352,1.36716655546966e-05
16000000,462.528524,1.34763773659059e-05
16000000,463.053528,1.32810891771153e-05
16000000,463.578532,1.30432836560001e-05
16000000,464.103536,1.29772173597952e-05
16000000,464.62854,1.29111510635902e-05
16000000,465.153544,1.28450847673853e-05
16000000,465.678548,1.27790184711804e-05
16000000,466.203552,5.82083152906677e-06
16000000,466.728556,5.63092644293607e-06
16000000,467.25356,5.44102135680538e-06
16000000,467.778564,5.25111627067468e-06
16000000,468.303568,5.06121118454399e-06
16000000,468.828572,4.27938856461404e-06
16000000,469.353576,4.22333428566661e-06
16000000,469.87858,4.16728000671919e-06
16000000,470.403584,4.11122572777176e-06
16000000,470.928588,4.05517144882433e-06
16000000,471.453592,3.99414817156185e-06
16000000,471.978596,3.94938980533707e-06
16000000,472.5036,3.9046314391123e-06
16000000,473.028604,3.85987307288753e-06
16000000,473.553608,3.81511470666276e-06
16000000,474.078612,3.77035634043799e-06
16000000,474.603616,3.40081143872227e-06
16000000,475.12862,3.39084802149058e-06
16000000,475.653624,3.38088460425888e-06
16000000,476.178628,3.37092118702719e-06
16000000,476.703632,3.36095776979549e-06
16000000,477.228636,-2.26065666360546e-06
16000000,477.75364,-2.41675151609413e-06
16000000,478.278644,-2.57284636858283e-06
16000000,478.803648,-2.7289412210715e-06
16000000,479.328652,-2.88503607356018e-06
16000000,479.853656,-3.53548259504658e-06
16000000,480.37866,-3.51222040631053e-06
16000000,480.903664,-3.48895821757448e-06
16000000,481.428668,-3.46569602883844e-06
16000000,481.953672,-3.44243384010238e-06
16000000,482.478676,-3.51807153328103e-06
16000000,483.00368,-3.52129789724886e-06
16000000,483.528684,-3.5245242612167e-06
16000000,484.053688,-3.52775062518454e-06
16000000,484.578692,-3.53097698915238e-06
16000000,485.103696,-3.59114738630339e-06
16000000,485.6287,-3.56897843857588e-06
16000000,486.153704,-3.54680949084837e-06
16000000,486.678708,-3.52464054312086e-06
16000000,487.203712,-3.50247159539335e-06
16000000,487.728716,-3.99567612648559e-06
16000000,488.25372,-4.07056971252793e-06
16000000,488.778724,-4.14546329857029e-06
16000000,489.303728,-4.22035688461264e-06
16000000,489.828732,-4.295250470655e-06
16000000,490.353736,-7.67743729355211e-06
16000000,490.87874,-7.66729458087029e-06
16000000,491.403744,-7.65715186818847e-06
16000000,491.928748,-7.64700915550665e-06
16000000,492.453752,-7.63686644282483e-06
16000000,492.978756,-7.81476454851493e-06
16000000,493.50376,-7.79039408598324e-06
16000000,494.028764,-7.76602362345156e-06
16000000,494.553768,-7.74165316091987e-06
16000000,495.078772,-7.71728269838818e-06
16000000,495.603776,-7.69490297599772e-06
16000000,496.12878,-7.6850601652706e-06
16000000,496.653784,-7.67521735454348e-06
16000000,497.178788,-7.66537454381636e-06
16000000,497.703792,-7.65553173308924e-06
16000000,498.228796,-7.64568892236212e-06
16000000,498.7538,-7.76927269939139e-06
16000000,499.278804,-7.76161969577672e-06
16000000,499.803808,-7.75396669216205e-06
16000000,500.328812,-7.74631368854738e-06
16000000,500.853816,-7.73866068493271e-06
16000000,501.37882,-9.92410536169483e-06
16000000,501.903824,-9.99906957540845e-06
16000000,502.428828,-1.00740337891221e-05
16000000,502.953832,-1.01489980028357e-05
16000000,503.478836,-1.02239622165493e-05
16000000,504.00384,-1.05258873691546e-05
16000000,504.528844,-1.054127632122e-05
16000000,505.053848,-1.05566652732853e-05
16000000,505.578852,-1.05720542253506e-05
16000000,506.103856,-1.0587443177416e-05
16000000,506.62886,-1.07005366424257e-05
16000000,507.153864,-1.07392687267359e-05
16000000,507.678868,-1.07780008110462e-05
16000000,508.203872,-1.08167328953565e-05
16000000,508.728876,-1.08554649796667e-05
16000000,509.25388,-1.09094368536676e-05
16000000,509.778884,-1.09756331316247e-05
16000000,510.303888,-1.10418294095818e-05
16000000,510.828892,-1.1108025687539e-05
16000000,511.353896,-1.11742219654961e-05
16000000,511.8789,-1.13330865880244e-05
16000000,512.403904,-1.14210505907335e-05
16000000,512.928908,-1.15090145934426e-05
16000000,513.453912,-1.15969785961516e-05
16000000,513.978916,-1.16849425988607e-05
16000000,514.50392,-1.25881207904485e-05
16000000,515.028924,-1.26971625758114e-05
16000000,515.553928,-1.28062043611742e-05
16000000,516.078932,-1.29152461465371e-05
16000000,516.603936,-1.30242879319e-05
16000000,517.12894,-1.31965847335715e-05
16000000,517.653944,-1.33422957424879e-05
16000000,518.178948,-1.34880067514043e-05
16000000,518.703952,-1.36337177603206e-05
16000000,519.228956,-1.3779428769237e-05
16000000,519.75396,-1.39415104528835e-05
16000000,520.278964,-1.41025261252451e-05
16000000,520.803968,-1.42635417976068e-05
16000000,521.328972,-1.44245574699685e-05
16000000,521.853976,-1.47013973972288e-05
16000000,522.37898,-1.48844641064659e-05
16000000,522.903984,-1.5067530815703e-05
16000000,523.428988,-1.52523718061671e-05
16000000,523.953992,-1.54409630256267e-05
16000000,524.478996,-1.56295542450862e-05
16000000,525.004,-1.58181454645457e-05
